 1;003269;CX;101/24;6.000;178598;025376;2024-07-15;03508;2024-07-15;101245;;VNL;5349.50;32097.00;60.000;089;6101;
1;001833;CX;186/23;5.000;178599;025377;2024-07-15;04896;2024-07-15;101245;PEDIDO: 109742;VNL;3210.00;16050.00;50.000;103;5101;
1;006410;KG;TAD-055-00;25.000;178603;025379;2024-07-15;05303;2024-07-15;101245;PEDIDO: 122.962 - ALIQUOTA DE ICMS CONFORME RESOLUCAO SENADO FEDERAL NF. 13/2012;VNL;175.00;4375.00;27.000;067;6101;
1;080001;KG;;68.000;178596;025381;2024-07-15;05144;2024-07-15;101197;PEDIDO: 4500175141                                                                                         ;VNL;118.77;31427.66;1380.000;000;6124;
1;080002;KG;;27.000;178596;025381;2024-07-15;05144;2024-07-15;101197;PEDIDO: 4500175141                                                                                         ;VNL;118.77;31427.66;1380.000;000;6124;
1;080100;UN;;900.000;178596;025381;2024-07-15;05144;2024-07-15;101197;PEDIDO: 4500175141                                                                                         ;VNL;20.91;31427.66;1380.000;000;6124;
1;080101;UN;;900.000;178596;025381;2024-07-15;05144;2024-07-15;101197;PEDIDO: 4500175141                                                                                         ;VNL;1.42;31427.66;1380.000;000;6124;
1;004998;UN;118/24;900.000;178597;025382;2024-07-15;05144;2024-07-15;101197;PEDIDO: 4500175141;VNL;19.89;17901.00;1380.000;001;6124;
1;001833;CX;186/23;4.000;178607;025383;2024-07-15;04982;2024-07-15;101245;PEDIDO: 4702265638;VNL;3100.00;37200.00;120.000;098;6101;
1;001833;CX;145/24;8.000;178607;025383;2024-07-15;04982;2024-07-15;101245;PEDIDO: 4702265638;VNL;3100.00;37200.00;120.000;098;6101;
1;006410;KG;TAD-055-001;200.000;178608;025384;2024-07-15;00059;2024-07-15;101245;PEDIDO: 169.634 - ALIQUOTA DE ICMS CONFORME RESOLUCAO SENADO FEDERAL NR.13/2012;VNL;165.00;33000.00;216.000;098;6101;
 2;000227/A;00076;007;2001-07-24;2529.67;PROTESTADO EM 27112001;
2;000287/A;00076;007;2001-08-29;5346.00;PROTESTADO EM 27112001;
2;001471/A;04461;001;2010-05-18;2650.00;PT 26/05 (6,00);
2;002550/A;02970;063;2010-10-07;4780.00;RJ;
2;002639/A;01385;010;2001-12-14;125.33;PT;
2;002639/B;01385;010;2001-12-21;125.33;PT;
2;003235/A;02605;004;2011-04-21;9920.00;RJ PT 09/05 (182,66);
2;003291/A;01714;010;2002-01-01;102.71;PROTESTADO EM 19022002;
2;003292/A;01714;010;2002-01-08;301.53;PROTESTADO EM 18022002;
2;003832/A;01714;010;2002-01-16;84.21;PROTESTADO;
2;004605/A;03970;065;2011-11-18;5020.00;PT;
2;005312/A;01921;010;2002-03-05;99.49;PROTESTATO EM 28032002;
2;006057/A;01921;010;2002-04-01;195.99;PROTESTADO EM 24042002;
2;006057/B;01921;010;2002-04-08;195.97;PROTESTADO EM 30042002;
2;006057/C;01921;010;2002-04-15;195.97;PROTESTADO EM 08052002;
2;006172/A;04850;004;2012-10-23;2510.00;RJ;
2;006172/B;04850;004;2012-11-06;2510.00;RJ;
2;006422/A;01596;010;2002-04-19;68.84;PROTESTADO EM 15032002;
2;007517/A;00051;004;2013-09-02;10976.24;RJ;
2;008099/A;05036;081;2013-12-05;5160.00;PT;
2;008118/A;02526;067;2013-12-12;166.32;*REC.JUDICIAL*;
2;008154/A;05036;081;2013-12-18;12700.00;PT PROTESTADO;
2;010821/A;02735;067;2015-04-23;10060.00;RJ;
2;013227/A;03956;084;2016-09-30;14200.00;PT;
2;014972/B;02776;067;2018-02-02;11358.00;RJ;
2;014983/A;02776;067;2018-02-07;8244.00;RJ;
2;014983/B;02776;067;2018-02-22;8244.00;RJ;
2;017193/B;00030;089;2019-09-16;6120.00;RJ/PROTESTADO 08/10/2019;
2;017245/A;00030;089;2019-09-12;16273.44;RJ/PROTESTADO 08/10/2019;
2;017245/B;00030;089;2019-09-27;18270.00;RJ/PROTESTADO 04/10/2019;
2;017253/B;04529;089;2019-09-28;17955.00;RJ/ PROTESTADO 07/10/2019;
2;017275/B;04529;089;2019-09-30;15300.00;RJ;
2;017382/A;00030;089;2019-10-03;39580.00;RJ/ PROTESTADO 10/10/2019;
2;017382/B;00030;089;2019-10-18;39580.00;RJ/ PROTESTADO 08/11/2019;
2;017388/A;03481;089;2019-09-19;14515.25;RJ/ PROTESTADO 08/10/2019;
2;017388/B;03481;089;2019-10-19;34240.00;RJ/ PROTESTADO 08/11/2019;
2;017389/A;04529;089;2019-09-19;60762.15;RJ/ PROTESTADO 08/10/2019;
2;017389/B;04529;089;2019-10-19;64085.00;RJ/ PROTESTADO 05/11/2019;
2;017472/A;04776;093;2019-09-27;4080.00;PROTESTADO 08/10/2019;
2;023779/A;02004;010;2003-10-08;55.88;PT 22/10 2,40+32,95 +1,20;
2;023779/B;02004;010;2003-10-15;336.93;PT 12/11 26,32 + 2,40+1,0+2,4;
2;023970/A;05329;001;2024-12-31;71358.82;;
2;024029/A;05269;089;2023-10-13;9750.00;RJ RECUPERACO JUDICIAL;
2;024194/A;03557;089;2023-11-17;5430.00;PR PROTESTADO 27.12.2023;
2;024655/B;02004;010;2003-11-03;195.17;PT 27/11 25,31 + 2,40;
2;024655/C;02004;010;2003-11-10;195.17;PT 24/11 25,31 + 2,40+1,20;
2;024760/A;04994;001;2024-07-17;18798.66;;
2;024764/A;05323;001;2024-07-17;32611.26;;
2;024771/A;04431;001;2024-07-18;18798.66;;
2;024792/A;05323;001;2024-07-22;35575.92;;
2;024793/A;04946;001;2024-07-22;112791.96;;
2;024797/A;04940;001;2024-07-23;53262.87;;
2;024798/A;04940;001;2024-07-23;62662.20;;
2;024799/A;04808;001;2024-07-23;17787.96;;
2;024800/A;04439;001;2024-07-23;6724.72;;
2;024801/A;04948;001;2024-07-23;6266.21;;
2;024802/A;05234;001;2024-07-23;31331.10;;
2;024803/A;05344;001;2024-07-23;18798.66;;
2;024806/A;04445;001;2024-07-24;43863.54;;
2;024807/A;04994;001;2024-07-24;37597.32;;
2;024808/A;05333;001;2024-07-24;46996.65;;
2;024809/A;04945;001;2024-07-24;14099.00;;
2;024810/A;04647;001;2024-07-24;37597.32;;
2;024811/A;04431;001;2024-07-24;15665.55;;
2;024812/A;04431;001;2024-07-24;40730.43;;
2;024813/A;04944;001;2024-07-24;100259.52;;
2;024816/A;04626;001;2024-07-25;62662.20;;
2;024817/A;05153;001;2024-07-25;15665.55;;
2;024853/A;04375;001;2024-07-31;62662.20;;
2;024854/A;04375;001;2024-07-31;6266.22;;
2;024855/A;05340;001;2024-07-31;9399.33;;
2;024856/A;04402;001;2024-07-31;31331.10;;
2;024857/A;04407;001;2024-07-31;18798.66;;
2;024858/A;04488;001;2024-07-31;25064.88;;
2;024888/B;00014;089;2024-08-05;50160.00;;
2;024904/A;05187;098;2024-08-01;17550.00;;
2;024925/A;05188;098;2024-08-01;52800.00;;
2;024935/B;00014;089;2024-08-08;13495.00;;
2;024940/A;02593;098;2024-08-01;52800.00;;
2;024952/A;04430;001;2024-08-12;3133.11;;
2;024965/A;04746;098;2024-08-01;105600.00;;
2;024967/A;05188;098;2024-08-01;22767.60;;
2;024977/A;04681;093;2024-07-16;57000.00;;
2;024978/A;05064;093;2024-07-16;115500.00;;
2;024983/C;03485;089;2024-07-16;18031.66;;
2;024985/A;04943;001;2024-08-15;12532.44;;
2;024986/A;05340;001;2024-08-15;12532.44;;
2;024994/A;04626;001;2024-08-18;31331.10;;
2;024995/A;04944;001;2024-08-18;62662.20;;
2;024998/A;04694;094;2024-08-01;39762.40;;
2;024999/A;03880;098;2024-08-01;42120.00;;
2;025002/A;04772;094;2024-07-20;225585.00;;
2;025004/B;00014;089;2024-08-19;25080.00;;
2;025008/A;05187;098;2024-08-01;28459.50;;
2;025012/A;04831;103;2024-07-20;27000.00;PGTO PARCIAL;
2;025020/A;04948;001;2024-08-21;25064.88;;
2;025021/A;03899;001;2024-08-21;17787.96;;
2;025022/A;05323;001;2024-08-21;2964.67;;
2;025023/A;04808;001;2024-08-21;20752.62;;
2;025024/A;04673;001;2024-08-21;41505.24;;
2;025025/A;04694;094;2024-08-01;55113.20;;
2;025028/A;04718;094;2024-08-01;69890.00;;
2;025031/A;04788;094;2024-07-23;57800.00;;
2;025033/A;04439;001;2024-08-22;6724.72;;
2;025034/A;05188;098;2024-08-01;97607.60;;
2;025036/A;05333;001;2024-08-22;75194.64;;
2;025037/A;05234;001;2024-08-22;3133.11;;
2;025038/A;05344;001;2024-08-22;21931.77;;
2;025039/A;04430;001;2024-08-22;3133.11;;
2;025040/A;04943;001;2024-08-22;6266.22;;
2;025041/A;04944;001;2024-08-22;21931.77;;
2;025042/A;04946;001;2024-08-22;37597.32;;
2;025045/A;04423;098;2024-08-01;89368.00;;
2;025049/A;04940;001;2024-08-25;131590.62;;
2;025050/A;04647;001;2024-08-25;9399.33;;
2;025051/A;04375;001;2024-08-25;62662.20;;
2;025052/A;04407;001;2024-08-25;39163.88;;
2;025053/A;04375;001;2024-08-25;6266.22;;
2;025054/A;03880;098;2024-08-01;31590.00;;
2;025055/A;04746;098;2024-08-01;105600.00;;
2;025056/A;04639;098;2024-08-01;40573.40;;
2;025057/A;00008;098;2024-08-05;27565.00;;
2;025058/C;04765;094;2024-07-27;81346.66;;
2;025060/C;03508;089;2024-07-27;10699.00;;
2;025062/C;04373;094;2024-07-27;14077.33;;
2;025063/C;04373;094;2024-07-27;22833.33;;
2;025064/C;00081;094;2024-07-27;68500.00;;
2;025065/C;05025;094;2024-07-27;93427.33;;
2;025068/A;03142;098;2024-08-01;76879.00;;
2;025074/A;04626;001;2024-08-27;62662.20;;
2;025075/A;05340;001;2024-08-27;50129.76;;
2;025076/A;04529;089;2024-07-28;26550.00;;
2;025077/A;04529;089;2024-07-28;47700.00;;
2;025081/C;03485;089;2024-07-28;18031.66;;
2;025090/B;03508;089;2024-07-18;10819.00;;
2;025090/C;03508;089;2024-08-02;10819.00;;
2;025099/A;00014;089;2024-07-19;50160.00;;
2;025099/B;00014;089;2024-09-02;50160.00;;
2;025122/B;00090;089;2024-07-31;11084.00;;
2;025123/A;00106;093;2024-07-20;22500.00;;
2;025124/A;02193;001;2024-07-20;29325.00;;
2;025128/B;00106;093;2024-07-18;14450.00;;
2;025130/A;05234;001;2024-09-04;34464.21;;
2;025132/A;04445;001;2024-09-04;38599.81;;
2;025133/A;04418;098;2024-08-15;31590.00;;
2;025134/A;05224;093;2024-08-15;50777.40;;
2;025147/A;04944;001;2024-09-05;125324.40;;
2;025148/A;04431;001;2024-09-05;37597.32;;
2;025149/A;04746;098;2024-09-01;22767.60;;
2;025151/B;03508;089;2024-07-25;10699.00;;
2;025151/C;03508;089;2024-08-09;10699.00;;
2;025152/A;00125;094;2024-08-09;43750.00;;
2;025158/A;04911;103;2024-07-20;60750.00;;
2;025159/A;05034;094;2024-07-26;59950.00;;
2;025161/A;04402;001;2024-09-09;62662.20;;
2;025162/A;04418;098;2024-08-15;21060.00;;
2;025165/A;04335;098;2024-08-15;56920.00;;
2;025167/A;02593;098;2024-09-01;28459.50;;
2;025169/A;05034;094;2024-07-27;59950.00;;
2;025172/A;03535;001;2024-07-18;30705.00;;
2;025175/A;04681;093;2024-08-12;87000.00;;
2;025176/A;04529;089;2024-08-12;81109.50;;
2;025178/A;05232;103;2024-07-30;10152.00;;
2;025180/A;05022;098;2024-07-20;115200.00;;
2;025182/A;04857;089;2024-08-15;66594.00;;
2;025183/A;03931;103;2024-08-15;22672.80;;
2;025184/A;04719;103;2024-08-15;23285.40;;
2;025185/B;05215;067;2024-07-29;7897.35;;
2;025186/B;03485;089;2024-07-29;18031.66;;
2;025186/C;03485;089;2024-08-13;18031.66;;
2;025188/A;03473;103;2024-07-17;5550.00;;
2;025189/A;03508;089;2024-07-17;10699.00;;
2;025189/B;03508;089;2024-08-01;10699.00;;
2;025189/C;03508;089;2024-08-16;10699.00;;
2;025191/A;04946;001;2024-09-15;125324.40;;
2;025193/A;00046;001;2024-07-17;28750.00;;
2;025194/A;00091;093;2024-07-16;4050.00;;
2;025194/B;00091;093;2024-07-30;4050.00;;
2;025196/A;02185;094;2024-07-18;57000.00;;
2;025198/A;00090;089;2024-07-16;11084.00;;
2;025198/B;00090;089;2024-08-13;11084.00;;
2;025199/A;04290;098;2024-07-16;152000.00;;
2;025201/A;05121;089;2024-07-18;44200.00;;
2;025212/A;02955;089;2024-07-17;8743.60;;
2;025215/A;03485;089;2024-07-19;18031.68;;
2;025215/B;03485;089;2024-08-03;18031.66;;
2;025215/C;03485;089;2024-08-18;18031.66;;
2;025217/A;04375;009;2024-09-18;50129.76;;
2;025218/A;05341;094;2024-07-18;57000.00;;
2;025220/A;00073;094;2024-07-20;22040.00;;
2;025221/A;05093;103;2024-07-20;57000.00;;
2;025222/A;00117;089;2024-07-18;16680.00;;
2;025223/A;02287;103;2024-07-18;88800.00;;
2;025225/A;01513;093;2024-07-21;17250.00;;
2;025226/A;04681;093;2024-08-20;174000.00;;
2;025227/A;05064;093;2024-08-20;28500.00;;
2;025228/A;03915;093;2024-08-20;17340.00;;
2;025229/A;04324;093;2024-07-19;22000.00;;
2;025230/A;05082;103;2024-07-30;18445.00;;
2;025230/B;05082;103;2024-08-30;18445.00;;
2;025231/A;02119;089;2024-07-27;21080.00;;
2;025232/A;02119;089;2024-07-27;22200.00;;
2;025233/A;04808;009;2024-09-22;26681.94;;
2;025234/A;05344;001;2024-09-22;25064.88;;
2;025235/A;03899;001;2024-09-22;35575.98;;
2;025236/A;04439;001;2024-09-22;5043.54;;
2;025237/A;03508;089;2024-07-24;10819.00;;
2;025237/B;03508;089;2024-08-08;10819.00;;
2;025237/C;03508;089;2024-08-23;10819.00;;
2;025238/A;04945;001;2024-09-22;3133.11;;
2;025239/A;04943;001;2024-09-22;7832.78;;
2;025240/A;04430;009;2024-09-22;6266.22;;
2;025241/A;04626;001;2024-09-22;130024.07;;
2;025242/A;05323;001;2024-09-22;28164.27;;
2;025243/A;05340;001;2024-09-22;51696.32;;
2;025244/A;04694;094;2024-09-01;41911.20;;
2;025245/A;04718;094;2024-09-01;19881.20;;
2;025246/A;04647;001;2024-09-23;37597.32;;
2;025247/A;04647;001;2024-09-23;37597.32;;
2;025248/A;03880;098;2024-09-01;21060.00;;
2;025249/A;03880;098;2024-09-01;67315.20;;
2;025250/A;00009;089;2024-07-25;74900.00;;
2;025251/A;04445;001;2024-09-23;248392.50;;
2;025252/A;05224;093;2024-09-01;40836.80;;
2;025253/A;03481;089;2024-08-24;39750.00;;
2;025257/A;04940;001;2024-09-24;7832.78;;
2;025258/A;04940;001;2024-09-24;45430.10;;
2;025259/A;04944;001;2024-09-24;250648.80;;
2;025260/A;04765;094;2024-07-26;51933.34;;
2;025260/B;04765;094;2024-08-10;51933.33;;
2;025260/C;04765;094;2024-08-25;51933.33;;
2;025262/A;04373;094;2024-07-26;35216.68;;
2;025262/B;04373;094;2024-08-10;35216.66;;
2;025262/C;04373;094;2024-08-25;35216.66;;
2;025264/A;00081;094;2024-07-26;77900.00;;
2;025264/B;00081;094;2024-08-10;77900.00;;
2;025264/C;00081;094;2024-08-25;77900.00;;
2;025266/A;05025;094;2024-07-26;77900.00;;
2;025266/B;05025;094;2024-08-10;77900.00;;
2;025266/C;05025;094;2024-08-25;77900.00;;
2;025268/A;02097;103;2024-07-24;27630.00;;
2;025269/A;04910;093;2024-08-25;57800.00;;
2;025270/A;04910;093;2024-08-25;57800.00;;
2;025272/A;05093;103;2024-07-27;55000.00;;
2;025273/A;02590;094;2024-07-25;33281.25;;
2;025274/A;05341;094;2024-07-25;57000.00;;
2;025276/A;00043;103;2024-07-27;30500.00;;
2;025277/A;00043;103;2024-07-27;20625.00;;
2;025278/A;02407;098;2024-08-10;32100.00;;
2;025280/A;03142;098;2024-09-01;56919.00;;
2;025282/A;04639;098;2024-09-01;8414.40;;
2;025283/A;04994;001;2024-09-25;37597.32;;
2;025284/A;05022;098;2024-07-30;57600.00;;
2;025285/A;05022;098;2024-07-30;126000.00;;
2;025287/A;04946;001;2024-09-25;148822.73;;
2;025288/A;02119;089;2024-07-27;33000.00;;
2;025289/A;03915;093;2024-08-26;17340.00;;
2;025290/A;04889;093;2024-08-12;54280.00;;
2;025292/A;04889;093;2024-08-12;21400.00;;
2;025293/A;05154;093;2024-07-28;38500.00;;
2;025294/A;04402;001;2024-09-26;29764.55;;
2;025295/A;04402;001;2024-09-26;12532.44;;
2;025296/A;05234;001;2024-09-26;62662.20;;
2;025297/A;04948;001;2024-09-26;15665.55;;
2;025298/A;04804;103;2024-08-10;32700.00;;
2;025299/A;04418;098;2024-09-01;43258.00;;
2;025300/A;04896;103;2024-08-01;83250.00;;
2;025301/A;00072;103;2024-08-27;23100.00;;
2;025302/A;05232;103;2024-08-10;156000.00;;
2;025303/A;03433;089;2024-08-10;17295.00;;
2;025304/A;02972;094;2024-07-26;17940.00;;
2;025305/A;03508;089;2024-07-31;10819.00;;
2;025305/B;03508;089;2024-08-15;10819.00;;
2;025305/C;03508;089;2024-08-30;10819.00;;
2;025306/A;00036;098;2024-08-15;77100.00;;
2;025308/A;04990;094;2024-08-06;11020.00;;
2;025309/A;04800;103;2024-07-30;35700.00;;
2;025310/A;05232;103;2024-08-20;3980.00;;
2;025311/A;05232;103;2024-08-20;32700.00;;
2;025312/A;04804;103;2024-08-20;21150.00;;
2;025313/A;00097;098;2024-07-30;14250.00;;
2;025314/A;04948;001;2024-09-30;15665.55;;
2;025315/A;01366;089;2024-08-10;66000.00;;
2;025316/A;03059;089;2024-07-30;8130.00;;
2;025316/B;03059;089;2024-08-06;8130.00;;
2;025317/A;03485;089;2024-08-02;18031.68;;
2;025317/B;03485;089;2024-08-17;18031.66;;
2;025317/C;03485;089;2024-09-01;18031.66;;
2;025319/A;04979;094;2024-08-02;33512.50;;
2;025320/A;02590;094;2024-08-03;57000.00;;
2;025322/A;04327;103;2024-08-07;114000.00;;
2;025323/A;05205;103;2024-08-03;121500.00;;
2;025326/A;00106;093;2024-08-22;16950.00;;
2;025328/A;03528;089;2024-08-01;10980.00;;
2;025329/A;04898;093;2024-08-10;53000.00;;
2;025331/A;04639;098;2024-09-15;21060.00;;
2;025332/A;04743;094;2024-08-02;45430.00;;
2;025333/A;03915;093;2024-09-03;17340.00;;
2;025334/A;03508;089;2024-08-04;10699.00;;
2;025334/B;03508;089;2024-08-19;10699.00;;
2;025334/C;03508;089;2024-09-03;10699.00;;
2;025335/A;04857;089;2024-09-15;75708.00;;
2;025336/A;04673;001;2024-10-03;26681.94;;
2;025337/A;04375;001;2024-10-03;112791.96;;
2;025338/A;04889;093;2024-08-22;11300.00;;
2;025339/A;00091;093;2024-08-05;10900.00;;
2;025339/B;00091;093;2024-08-19;10900.00;;
2;025340/A;00123;093;2024-08-07;67800.00;;
2;025341/A;05201;067;2024-08-07;54073.00;;
2;025343/A;04886;094;2024-09-06;28900.00;;
2;025344/A;00085;094;2024-07-29;29900.00;;
2;025345/A;00036;098;2024-08-15;23400.00;;
2;025347/A;00090;089;2024-08-06;22168.00;;
2;025349/A;00036;098;2024-08-15;61950.00;;
2;025351/A;04705;094;2024-07-28;37870.00;;
2;025353/A;03508;089;2024-08-09;10699.00;;
2;025353/B;03508;089;2024-08-24;10699.00;;
2;025353/C;03508;089;2024-09-08;10699.00;;
2;025354/A;05188;098;2024-10-01;22767.60;;
2;025355/A;04979;094;2024-08-09;86350.00;;
2;025358/A;02224;067;2024-08-10;44058.40;;
2;025359/A;04324;093;2024-08-08;22000.00;;
2;025360/A;00072;103;2024-09-09;23100.00;;
2;025361/A;00015;103;2024-08-14;116550.00;;
2;025362/A;05237;001;2024-08-09;1400.00;;
2;025363/A;04290;098;2024-08-09;76000.00;;
2;025365/A;00097;098;2024-08-09;152000.00;;
2;025367/A;04806;093;2024-08-09;57750.00;;
2;025368/A;04806;093;2024-08-09;39429.60;;
2;025369/A;05227;103;2024-08-11;112000.00;;
2;025370/A;04673;001;2024-10-10;29646.60;;
2;025371/A;05064;093;2024-09-10;58500.00;;
2;025372/A;05350;089;2024-08-01;2000.00;;
2;025373/A;03485;089;2024-08-11;9015.84;;
2;025373/B;03485;089;2024-08-26;9015.83;;
2;025373/C;03485;089;2024-09-10;9015.83;;
2;025374/A;04977;093;2024-08-11;16230.00;;
2;025376/A;03508;089;2024-08-14;10699.00;;
2;025376/B;03508;089;2024-08-29;10699.00;;
2;025376/C;03508;089;2024-09-13;10699.00;;
2;025377/A;04896;103;2024-08-15;16050.00;;
2;025379/A;05303;067;2024-08-14;4375.00;;
2;025381/A;05144;000;2024-08-29;31427.66;;
2;025382/A;05144;001;2024-08-29;17901.00;;
2;025383/A;04982;098;2024-10-01;37200.00;;
2;025384/A;00059;098;2024-08-29;33000.00;;
2;030209/C;01239;010;2004-05-27;50.21;PT;
2;030209/D;01239;010;2004-06-26;460.00;PT 55,88 +2,40 +0,84+1,30;
2;037078/A;02834;010;2004-10-28;151.50;PT 31,34+2,40 17/110,84;
2;037078/B;02834;010;2004-11-27;151.50;PT 09/12 31,34 + 2,40 +0,84;
2;037079/A;02834;010;2004-10-26;109.90;PT 31,34 + 2,40;
2;037227/A;03182;010;2004-10-28;197.89;PT 11/11 2,40+26,32+0,84;
2;037227/B;03182;010;2004-11-04;197.89;PT 25,31 + 2,40;
2;040817/C;02875;010;2005-02-10;162.00;PT 31,26+2,60+ 0,90 01/03;
2;045147/A;02592;033;2005-06-12;24155.50;PT 187,15 + 2,45 +2,40;
2;045869/A;02592;033;2005-07-07;12042.50;PT 08/08 2,45+146,07 +2,40;
2;045869/B;02592;033;2005-07-22;12042.50;PT 146,07 +2,45+2,05+2,4 2208;
2;047982/A;01919;010;2005-09-06;143.05;PT 06/09 4,8+41,55+2,6+,90+1,1;
2;050530/A;00109;036;2005-11-10;2747.40;PT;
2;051516/A;00109;036;2005-12-06;2707.90;PT 237/001397 15/07 E 15/08;
2;052899/A;03724;010;2006-01-23;121.20;PT 14,09+59,89+2,60+0,24+;
2;053103/A;02408;033;2006-01-19;2687.50;PT 13/02 2,45+2,05+172,40;
2;054328/C;02458;010;2006-03-07;162.49;PT;
2;054348/A;03207;033;2006-02-21;5279.38;PT;
2;054806/C;02755;010;2006-03-20;110.02;PT 0,90+0,27+;
2;056861/A;00634;010;2006-05-19;186.08;PT 02/06 2,60 +42,38;
2;057402/A;00634;010;2006-05-31;141.42;PT 2,60+0,90+42,38;
2;057402/B;00634;010;2006-06-07;141.42;PT 42,38 + 2,60 21/06;
2;058114/A;00634;010;2006-06-14;135.16;PT 42,38+2,60 +0,90 05/07;
2;062497/B;03869;010;2006-10-23;249.50;PT 2,60+59,89+2,60 06/11;
2;062616/A;03281;010;2006-10-02;208.21;PT 0,90+0,22+40,24+2,60;
2;062616/B;03281;010;2006-10-09;208.21;PT 20/10 40,24+2,60 +0,90 EC;
2;064838/A;03498;010;2006-11-06;148.20;PT 16/11;
2;065963/A;02270;010;2006-12-01;195.55;PT 14,09+40,24+2,60;
2;065964/A;02270;010;2006-12-01;11.71;PT 14,09+15,25+2,60;
2;067597/B;02660;010;2007-02-10;247.50;PT 02/03 2,60 +14,40+61,83;
2;068240/C;01505;010;2007-03-27;123.75;PT 2,6+14,4+41,71 10/04;
2;070099/B;03379;010;2007-04-08;202.79;PT18/04 14,40+41,71+2,60;
2;071978/A;03663;010;2007-05-22;210.00;PT 14,40+41,71+2,60 04/06;
2;071979/A;03663;010;2007-05-22;121.65;PT 14,40+41,71+2,60 04/06;
2;072786/A;03663;010;2007-06-12;117.40;PT 14,4+41,71+2,6+0,15+0,90;
2;073482/A;03663;010;2007-06-29;166.60;PT 14,4+41,71 +2,60 18/07;
2;073483/A;03663;010;2007-06-29;34.57;PT 10/07 14,4+15,88+2,6 18/07;
2;073798/A;02649;059;2007-06-25;3661.14;RJ 25/11/08 (3+228,78);
2;074237/A;03959;047;2007-07-10;7308.30;RJ;
2;074238/A;01672;009;2007-07-10;14604.60;PT 17/07 808,27+3,00;
2;074239/A;03444;065;2007-07-10;7302.30;PT 05/08 2,60 + 0,90;
2;074240/A;03502;047;2007-07-12;7320.00;RJ;
2;074280/A;02649;059;2007-07-25;4660.80;RJ 25/11/08 (3+228,78);
2;074797/A;02649;059;2007-07-25;2303.80;RJ 25/11/08 (3+168,60);
2;075479/A;03502;047;2007-08-02;14500.20;RJ;
2;075480/A;03444;065;2007-08-02;7162.20;PT 10/08 3,00+2,5;
2;075508/A;01672;009;2007-08-03;9689.20;PT 08/08/07 540,91+3,00;
2;075541/A;03959;047;2007-08-03;9549.60;RJ;
2;083152/B;04182;010;2007-09-23;233.30;PT 62,01+2,60;
2;087622/C;03778;010;2008-01-14;80.00;PT;
2;087706/A;04314;010;2007-11-14;43.20;PT 11/12 2,48;
2;087709/A;04314;010;2007-11-14;168.76;PT 11/12 2,48;
2;088202/A;00206;010;2007-11-23;338.60;PT 03/12 71,61+3,00;
2;088673/A;03896;010;2007-11-29;189.26;PT 18/12 4,80+48,02+2.60;
2;088673/B;03896;010;2007-12-06;189.25;PT 27/12 48,02+4,80+3,33+0,90;
2;089774/B;03141;010;2008-01-28;328.14;PT 28/02 2,60+0,90+71,85;
2;089774/C;03141;010;2008-02-27;345.00;PT 02/04 2,6+71,85+0,90;
2;089876/A;04522;010;2007-12-30;37.28;;
2;090122/A;03778;010;2008-01-05;181.79;PT 24/01/ 56,08+3,00;
2;090122/B;03778;010;2008-01-20;187.17;PT 13/02 56,08+3,00;
2;090122/C;03778;010;2008-02-04;187.17;PT 25/02 56,08+3,00;
2;090122/D;03778;010;2008-02-19;187.17;PT 14/03 56,08+3,00;
2;090123/A;03778;010;2008-01-05;27.64;PT;
2;090123/B;03778;010;2008-01-20;27.64;PT 13/02 10,13+3,00;
2;090783/A;04204;010;2008-01-16;350.56;PT 01/02 70,58+3,00;
2;090981/A;04522;010;2008-01-18;211.04;;
2;091844/A;04204;010;2008-02-15;189.08;PT 05/03 3,00+49,03+1,5;
2;091844/B;04204;010;2008-03-16;189.08;PT 04/04 49,03+1,50;
2;091845/A;04204;010;2008-02-15;172.50;PT 05/03 3,00+49,03+1,5;
2;091845/B;04204;010;2008-03-16;172.50;PT 04/04 49,03+1,50;
2;091850/B;03947;010;2008-03-16;38.80;PT 04/04 5,6+18,88+2,60+0,90;
2;091850/C;03947;010;2008-04-15;38.80;PT 0705 2,6+5,6+18,88+3,75+0,9;
2;091851/B;03947;010;2008-03-16;249.56;PT 04/04 5,60+67,83+2,6+0,90;
2;091851/C;03947;010;2008-04-15;249.56;PT 0705 67,83+5,6+2,6+3,75+0,9;
2;092768/A;03309;010;2008-03-14;221.20;PT 02/04 15,78+44,17+2,6;
2;093411/A;03947;010;2008-04-03;229.30;PT 46,28+5,6+2,6+3,00+0,90;
2;094327/A;03435;039;2008-05-14;2215.85;PT 28/05 CUSTAS SP COBR. CT;
2;094560/A;03435;039;2008-06-09;2176.30;PT 23/06 CUSTAS Sa COBR. NO CT;
2;096020/A;03575;065;2008-10-08;28127.20;RJ 16/06 (447,78+3,00);
2;096042/A;03575;065;2008-10-09;7844.60;RJ 16/06 (247,37+3,00);
2;096114/A;03575;065;2008-10-16;6904.53;RJ 16/06 (447,78+3,00);
2;096129/A;02284;009;2008-10-17;5160.00;RJ 12/09 (388,62+2,60);
2;096683/A;03954;065;2008-12-14;2734.80;RJ 16/06 (3,00+154,76);
2;096683/B;03954;065;2009-01-13;2734.80;RJ 16/06 (164,65+2,50+3,00);
2;096683/C;03954;065;2009-02-12;2734.80;RJ 16/06 (1,20+164,65);
2;096689/B;04316;063;2009-01-13;6483.12;RJ 16/06 (334,58+3,00);
2;096689/C;04316;063;2009-02-12;14392.80;RJ 16/06 (1,20+335,62);
2;096690/A;02198;065;2008-12-14;16219.18;RJ 16/06 (5,6+308,10+10,15);
2;096690/B;02198;065;2009-01-13;16219.16;RJ 16/06 (345,21+8,20+7,55);
2;096690/C;02198;065;2009-02-12;16219.16;RJ 16/06 (5,60+345,21+16,80);
2;096691/A;03575;065;2008-12-14;26625.00;RJ 16/06 (3,00+422,74);
2;096691/B;03575;065;2009-01-13;26625.00;RJ 16/06 (449,73+3,00+2,50);
2;096691/C;03575;065;2009-02-12;26625.00;RJ 16/06 (1,20+449,73);
2;096692/A;04644;065;2008-12-14;4558.00;RJ 16/06 (5,6+233,90+2,60+8,4);
2;096692/B;04644;065;2009-01-13;4558.00;RJ 16/06 (263,26+8,20+3,90);
2;096692/C;04644;065;2009-02-12;4558.00;RJ 16/06 (5,60+263,26+6,00);
2;096852/A;03967;063;2009-01-04;7880.00;RJ;
2;096979/A;03967;063;2009-01-29;5230.00;RJ;
2;097005/A;04306;063;2009-03-22;13350.00;PT 17/04 (1,20+348,58);
2;097208/A;04750;001;2009-05-01;50220.00;PT 06/05 (1,40+1,40);
2;004523/A;04771;063;2011-11-05;783.28;PENDENCIA;
2;006510/C;00067;067;2013-01-20;1484.44;PENDENCIA;
2;006542/B;00067;067;2013-02-10;1948.80;PENDENCIA;
2;007372/A;00123;093;2013-08-20;9524.25;PENDENCIA;
2;008026/A;02271;067;2013-11-22;3624.44;PENDENCIA;
2;008026/B;02271;067;2013-11-22;1611.96;PENDENCIA;
2;008026/C;02271;067;2013-11-22;196.14;PENDENCIA;
2;008026/D;02271;067;2013-11-22;136.68;PENDENCIA;
2;008026/E;02271;067;2013-11-22;38.48;PENDENCIA;
2;009951/A;02735;067;2014-11-10;281.62;PENDENCIA;
2;009951/B;02735;067;2014-11-10;215.53;PENDENCIA;
2;010121/A;02931;067;2014-11-14;244.31;PENDENCIA;
2;010195/B;04694;094;2014-12-05;490.34;PENDENCIA;
2;010226/A;04694;094;2014-12-05;502.76;PENDENCIA;
2;010359/A;04694;094;2014-12-21;2564.79;PENDENCIA;
2;010518/A;02675;048;2015-01-23;514.08;PENDENCIA;
2;010624/A;04977;093;2015-02-26;2050.04;PENDENCIA;
2;010641/B;05074;067;2015-03-07;459.29;PENDENCIA;
2;010645/A;05074;067;2015-03-08;577.83;PENDENCIA;
2;010788/A;02931;067;2015-04-19;194.20;PENDENCIA;
2;010821/A;02735;067;2015-04-23;221.89;PENDENCIA;
2;011250/A;04775;089;2015-07-17;284.92;PENDENCIA;
2;011335/A;04775;089;2015-08-07;341.90;PENDENCIA;
2;011411/A;04788;084;2015-07-29;233.75;PENDENCIA;
2;011614/B;04896;084;2015-08-28;145.35;PENDENCIA;
2;011929/A;05110;067;2015-10-23;154.24;PENDENCIA;
2;012043/A;04886;094;2015-11-29;1873.74;PENDENCIA;
2;012073/A;03931;084;2015-11-21;353.93;PENDENCIA;
2;012079/B;04810;067;2015-12-22;84.15;PENDENCIA;
2;012196/B;04097;067;2016-01-19;32.99;PENDENCIA;
2;012285/A;04810;067;2016-01-29;182.33;PENDENCIA;
2;012285/B;04810;067;2016-02-28;154.28;PENDENCIA;
2;012288/A;04534;067;2016-01-20;290.41;PENDENCIA;
2;012288/B;04534;067;2016-01-20;742.72;PENDENCIA;
2;012394/A;04805;093;2016-05-14;1209.98;PENDENCIA;
2;012517/A;04992;093;2016-06-06;93.08;PENDENCIA;
2;012547/A;04910;093;2016-06-12;4250.78;PENDENCIA;
2;012589/B;03915;093;2016-06-19;878.93;PENDENCIA;
2;012590/A;04910;093;2016-06-19;2246.04;PENDENCIA;
2;012591/A;00003;089;2016-05-18;4.58;PENDENCIA;
2;012619/A;04989;094;2016-06-26;1213.29;PENDENCIA;
2;012619/B;04886;084;2016-06-26;561.64;PENDENCIA;
2;012646/A;04805;093;2016-07-03;2721.36;PENDENCIA;
2;012651/A;04886;094;2016-07-03;1551.49;PENDENCIA;
2;012677/A;04788;084;2016-07-09;1329.40;PENDENCIA;
2;012747/A;04725;004;2016-06-22;267.16;PENDENCIA;
2;012763/A;04805;093;2016-07-24;1116.90;PENDENCIA;
2;012816/A;04992;093;2016-08-07;93.08;PENDENCIA;
2;012828/A;03897;093;2016-08-08;137.86;PENDENCIA;
2;012862/A;04335;093;2016-08-05;525.64;PENDENCIA;
2;012862/B;04335;093;2016-08-05;1399.09;PENDENCIA;
2;012958/A;04805;093;2016-09-04;1743.52;PENDENCIA;
2;012998/A;04904;094;2016-08-17;197.87;PENDENCIA;
2;012998/B;04904;094;2016-08-17;261.80;PENDENCIA;
2;012998/C;04904;094;2016-09-01;163.63;PENDENCIA;
2;013014/A;04439;084;2016-09-18;861.65;PENDENCIA;
2;013017/A;05042;084;2016-09-05;764.43;PENDENCIA;
2;013023/A;04192;067;2016-09-19;241.26;PENDENCIA;
2;013027/A;04775;089;2016-08-18;238.00;PENDENCIA;
2;013040/A;04636;072;2016-09-24;277.10;PENDENCIA;
2;013055/A;04097;067;2016-09-25;103.40;PENDENCIA;
2;013227/A;03956;084;2016-09-30;954.41;PENDENCIA;
2;013333/A;02444;067;2016-11-10;111.69;PENDENCIA;
2;013348/A;04871;094;2016-12-01;1136.59;PENDENCIA;
2;013386/A;03900;072;2016-12-11;1585.39;PENDENCIA;
2;013396/A;04804;084;2016-11-10;248.47;PENDENCIA;
2;013403/A;05074;067;2016-11-09;255.86;PENDENCIA;
2;013403/B;05074;067;2016-11-09;838.06;PENDENCIA;
2;013403/C;05074;067;2016-12-09;372.47;PENDENCIA;
2;013411/A;05034;084;2016-11-15;496.40;PENDENCIA;
2;013414/A;04423;072;2016-12-11;369.26;PENDENCIA;
2;013435/A;03899;093;2016-12-16;935.32;PENDENCIA;
2;013454/A;04097;067;2016-12-20;861.65;PENDENCIA;
2;013471/B;03894;089;2017-11-16;3971.92;PENDENCIA;
2;013474/A;04673;093;2016-12-26;1889.30;PENDENCIA;
2;013475/A;04192;067;2016-12-26;243.24;PENDENCIA;
2;013482/A;04994;072;2016-12-30;471.07;PENDENCIA;
2;013584/A;04534;067;2017-02-01;5419.06;PENDENCIA;
2;013629/A;02140;095;2017-03-31;791.52;PENDENCIA;
2;013633/A;04445;095;2017-05-06;2109.05;PENDENCIA;
2;013637/A;04626;072;2017-05-07;609.62;PENDENCIA;
2;013659/A;04673;093;2017-05-14;919.09;PENDENCIA;
2;013675/A;04994;098;2017-05-16;387.94;PENDENCIA;
2;013681/A;04439;097;2017-05-19;1378.63;PENDENCIA;
2;013682/A;03897;093;2017-05-19;1378.63;PENDENCIA;
2;013725/A;04874;094;2017-04-27;24.21;PENDENCIA;
2;013796/A;00066;089;2017-06-12;35.70;PENDENCIA;
2;013805/A;05023;089;2017-06-17;17.75;PENDENCIA;
2;013811/A;04886;094;2017-06-18;89.25;PENDENCIA;
2;013840/A;00036;098;2017-05-25;100.10;PENDENCIA;
2;013864/A;04893;089;2017-06-27;35.50;PENDENCIA;
2;013865/A;05097;067;2017-07-01;335.07;PENDENCIA;
2;014027/A;00036;098;2017-07-05;39.47;PENDENCIA;
2;014071/A;02140;095;2017-07-06;3840.96;PENDENCIA;
2;014328/A;04992;093;2017-09-25;89.25;PENDENCIA;
2;014345/A;04636;098;2017-09-29;83.13;PENDENCIA;
2;014614/A;04423;098;2017-11-15;3284.08;PENDENCIA;
2;014622/A;03880;095;2017-12-01;4569.60;PENDENCIA;
2;014628/B;04701;094;2017-10-24;22.36;PENDENCIA;
2;014683/A;04423;098;2017-12-01;395.25;PENDENCIA;
2;014705/B;05097;067;2017-11-18;28.15;PENDENCIA;
2;014736/A;03900;098;2017-12-15;651.31;PENDENCIA;
2;014760/A;03900;098;2017-12-15;158.72;PENDENCIA;
2;014764/A;03880;095;2017-12-15;356.42;PENDENCIA;
2;014765/A;03931;097;2017-12-15;651.31;PENDENCIA;
2;014801/A;04423;098;2018-01-01;1542.75;PENDENCIA;
2;014802/A;04423;098;2018-01-01;1430.32;PENDENCIA;
2;014838/A;04896;097;2017-11-10;87.98;PENDENCIA;
2;014841/A;04636;098;2017-12-25;692.75;PENDENCIA;
2;014904/A;04418;089;2018-01-15;166.60;PENDENCIA;
2;014969/C;02429;067;2018-02-17;898.45;PENDENCIA;
2;014981/B;02429;067;2018-03-06;11.90;PENDENCIA;
2;015000/A;04806;093;2018-03-01;98.09;PENDENCIA;
2;015025/A;03990;004;2018-03-22;117.81;PENDENCIA;
2;015040/B;00030;089;2018-04-29;76.81;PENDENCIA;
2;015082/A;04801;001;2018-06-13;50.66;PENDENCIA;
2;015085/A;00030;089;2018-04-29;41.11;PENDENCIA;
2;015427/A;03445;098;2018-07-15;1234.03;PENDENCIA;
2;015429/B;04725;004;2018-07-04;32.33;PENDENCIA;
2;015430/A;02675;001;2018-07-15;738.40;PENDENCIA;
2;015572/A;03568;098;2018-08-12;1057.41;PENDENCIA;
2;015579/A;04673;093;2018-08-13;681.99;PENDENCIA;
2;015613/A;04725;004;2018-07-25;129.71;PENDENCIA;
2;015641/A;04673;093;2018-08-27;1278.67;PENDENCIA;
2;015642/A;04192;067;2018-08-27;426.22;PENDENCIA;
2;015644/A;03899;093;2018-08-27;1278.67;PENDENCIA;
2;015646/A;04097;067;2018-08-27;852.44;PENDENCIA;
2;015683/A;03445;098;2018-09-15;992.80;PENDENCIA;
2;015689/A;04445;001;2018-09-03;680.39;PENDENCIA;
2;015690/A;04982;098;2018-09-15;893.52;PENDENCIA;
2;015760/A;04673;093;2018-09-21;243.56;PENDENCIA;
2;015780/A;03899;093;2018-09-23;182.67;PENDENCIA;
2;015795/A;04097;067;2018-09-24;60.89;PENDENCIA;
2;015804/A;04673;093;2018-09-28;2944.13;PENDENCIA;
2;015817/A;04439;097;2018-09-29;654.31;PENDENCIA;
2;015826/A;00072;097;2018-08-30;6.38;PENDENCIA;
2;015841/A;00031;001;2018-10-15;2423.52;PENDENCIA;
2;015864/A;04982;098;2018-10-15;670.14;PENDENCIA;
2;015877/A;03568;098;2018-10-13;1101.86;PENDENCIA;
2;015899/A;04439;097;2018-10-20;297.42;PENDENCIA;
2;015900/A;04725;004;2018-09-26;259.42;PENDENCIA;
2;015902/A;03899;093;2018-10-20;535.35;PENDENCIA;
2;015909/A;04097;067;2018-10-22;178.45;PENDENCIA;
2;015911/A;04994;098;2018-10-22;225.37;PENDENCIA;
2;015945/A;04636;098;2018-10-28;860.83;PENDENCIA;
2;015967/A;04626;098;2018-10-30;722.89;PENDENCIA;
2;015975/A;03568;098;2018-11-02;150.25;PENDENCIA;
2;015979/A;04439;097;2018-11-03;267.67;PENDENCIA;
2;015980/A;04439;097;2018-11-03;267.67;PENDENCIA;
2;015985/B;04725;004;2018-10-24;110.37;PENDENCIA;
2;015991/A;04673;093;2018-11-04;951.73;PENDENCIA;
2;015993/A;03900;098;2018-11-15;779.11;PENDENCIA;
2;016001/A;04418;089;2018-11-15;1048.65;PENDENCIA;
2;016025/A;04423;098;2018-11-15;692.54;PENDENCIA;
2;016035/A;04777;093;2018-11-15;228.98;PENDENCIA;
2;016040/A;05168;067;2018-10-14;38.76;PENDENCIA;
2;016052/A;04673;093;2018-11-17;535.35;PENDENCIA;
2;016060/A;03899;093;2018-11-18;571.04;PENDENCIA;
2;016073/A;04097;067;2018-11-20;356.90;PENDENCIA;
2;016077/A;03568;098;2018-11-20;103.30;PENDENCIA;
2;016103/A;04708;001;2018-10-25;20.82;PENDENCIA;
2;016114/A;04626;098;2018-11-27;722.89;PENDENCIA;
2;016183/B;04725;004;2018-11-28;129.71;PENDENCIA;
2;016189/A;03931;097;2018-12-15;159.82;PENDENCIA;
2;016195/A;04445;001;2018-12-15;539.76;PENDENCIA;
2;016205/A;04097;067;2018-12-17;535.35;PENDENCIA;
2;016225/A;04886;094;2018-12-22;381.48;PENDENCIA;
2;016229/A;04636;098;2018-12-23;51.65;PENDENCIA;
2;016242/A;04725;004;2018-11-28;129.71;PENDENCIA;
2;016282/A;04097;067;2019-01-08;130.86;PENDENCIA;
2;016283/A;04798;067;2018-12-09;2326.00;PENDENCIA;
2;016284/A;03330;067;2018-12-09;231.36;PENDENCIA;
2;016295/A;05155;094;2018-12-29;283.05;PENDENCIA;
2;016309/A;04673;093;2019-01-18;389.30;PENDENCIA;
2;016310/A;04673;093;2019-01-18;389.30;PENDENCIA;
2;016408/A;04791;004;2019-04-16;683.91;PENDENCIA;
2;016412/A;04992;093;2019-04-21;473.03;PENDENCIA;
2;016413/A;04886;094;2019-04-21;553.15;PENDENCIA;
2;016423/A;04910;093;2019-04-28;630.70;PENDENCIA;
2;016424/A;03915;093;2019-04-28;317.90;PENDENCIA;
2;016461/A;04431;001;2019-06-13;63.24;PENDENCIA;
2;016898/A;04007;093;2019-06-30;281.40;PENDENCIA;
2;016923/A;04725;004;2019-07-10;33.86;PENDENCIA;
2;016985/A;04777;093;2019-08-15;93.45;PENDENCIA;
2;017064/A;04007;093;2019-07-27;571.06;PENDENCIA;
2;017099/A;04910;093;2019-09-01;174.01;PENDENCIA;
2;017117/B;04529;089;2019-09-03;40781.74;PENDENCIA;
2;017137/A;00030;089;2019-08-23;30429.42;PENDENCIA;
2;017137/B;00030;089;2019-09-07;29914.83;PENDENCIA;
2;017193/A;00030;089;2019-09-01;9134.71;PENDENCIA;
2;017245/A;00030;089;2019-09-12;1996.56;PENDENCIA;
2;017253/A;04529;089;2019-08-29;26891.20;PENDENCIA;
2;017275/A;04529;089;2019-08-31;22862.79;PENDENCIA;
2;017388/A;03481;089;2019-09-19;19724.75;PENDENCIA;
2;017389/A;04529;089;2019-09-19;3322.85;PENDENCIA;
2;017430/A;04007;093;2019-09-25;132.66;PENDENCIA;
2;017546/B;04725;004;2019-11-06;16.99;PENDENCIA;
2;017552/B;04725;004;2019-11-06;19.51;PENDENCIA;
2;017595/A;04725;004;2019-10-30;271.35;PENDENCIA;
2;017637/B;00027;103;2019-12-30;249.90;PENDENCIA;
2;017649/A;04896;097;2019-10-22;112.88;PENDENCIA;
2;017695/A;05169;103;2019-11-09;844.21;PENDENCIA;
2;017846/A;04439;097;2020-02-10;271.96;PENDENCIA;
2;017921/A;04805;093;2020-04-14;784.13;PENDENCIA;
2;017922/A;04910;093;2020-04-14;522.76;PENDENCIA;
2;017923/A;04992;093;2020-04-17;1418.91;PENDENCIA;
2;017931/A;04788;094;2020-04-21;1232.21;PENDENCIA;
2;017932/A;04989;094;2020-04-21;2800.47;PENDENCIA;
2;017949/A;02931;067;2020-04-17;1119.53;PENDENCIA;
2;017976/A;04910;093;2020-05-12;1194.87;PENDENCIA;
2;017980/A;04805;093;2020-05-15;1792.30;PENDENCIA;
2;017991/A;04874;094;2020-04-16;93.93;PENDENCIA;
2;018036/A;00027;103;2020-06-22;670.45;PENDENCIA;
2;018123/A;04788;094;2020-06-06;1194.87;PENDENCIA;
2;018280/A;01366;089;2020-06-10;216.37;PENDENCIA;
2;019172/B;05074;067;2020-11-29;93.56;PENDENCIA;
2;019288/A;04681;093;2021-03-02;74.34;PENDENCIA;
2;019293/A;05074;067;2021-02-21;3105.37;PENDENCIA;
2;019366/A;05064;093;2021-04-23;146.29;PENDENCIA;
2;019426/A;04007;094;2021-04-28;212.15;PENDENCIA;
2;019563/A;05064;093;2021-05-27;148.68;PENDENCIA;
2;019627/A;05248;004;2021-05-24;8.48;PENDENCIA;
2;019742/A;04007;094;2021-06-23;988.18;PENDENCIA;
2;019961/A;05064;093;2021-07-21;83.30;PENDENCIA;
2;020850/A;04775;103;2021-10-19;629.00;PENDENCIA;
2;020942/A;04810;067;2021-11-07;146.13;PENDENCIA;
2;021040/A;05251;067;2021-11-27;108.07;PENDENCIA;
2;021086/A;04896;097;2021-12-16;36.87;PENDENCIA;
2;021298/A;04007;094;2022-04-13;953.09;PENDENCIA;
2;022019/A;04788;094;2022-09-09;156.92;PENDENCIA;
2;022025/A;00008;098;2022-08-26;341.73;PENDENCIA;
2;022075/A;04775;103;2022-08-15;204.00;PENDENCIA;
2;022075/B;04775;103;2022-09-12;918.00;PENDENCIA;
2;022090/A;04775;103;2022-08-16;212.06;PENDENCIA;
2;022139/A;04775;103;2022-08-24;706.86;PENDENCIA;
2;022282/A;04775;103;2022-09-15;2040.00;PENDENCIA;
2;022282/C;04775;103;2022-10-13;16203.36;PENDENCIA;
2;022664/B;04798;067;2022-11-06;732.12;PENDENCIA;
2;022767/A;03508;089;2022-11-23;105.16;PENDENCIA;
2;023468/A;05298;094;2023-06-23;2380.00;PENDENCIA;
2;023535/A;05298;094;2023-07-06;1159.40;PENDENCIA;
2;023624/A;04775;089;2023-07-24;1759.84;PENDENCIA;
2;023640/B;05306;001;2023-07-24;2854.01;PENDENCIA;
2;023640/C;05306;001;2023-08-13;2111.38;PENDENCIA;
2;023642/A;05265;098;2023-07-14;161.87;PENDENCIA;
2;023663/A;04775;089;2023-08-03;2417.91;PENDENCIA;
2;023876/A;04775;089;2023-09-15;3177.30;PENDENCIA;
2;024039/A;04775;089;2023-10-14;3161.13;PENDENCIA;
2;024146/A;04775;089;2023-11-03;29200.90;PENDENCIA;
2;024210/A;02388;067;2023-12-27;447.52;PENDENCIA;
2;024302/B;05306;000;2023-12-04;945.03;PENDENCIA;
2;024784/A;00066;089;2024-05-23;720.80;PENDENCIA;
2;096522/A;03575;065;2008-11-25;1815.81;PENDENCIA;
2;096689/D;04316;063;2008-12-14;16096.73;PENDENCIA;
